['knn_iris', ClassificationInvestigator, [1, 3, 9, 21], Producer, ClassificationLF] results
Values of k: 1, 3, 9, 21

avg_accuracy,avg_accuracy_sd
0.9644444444444445,0.03325917677132392
0.9644444444444445,0.03325917677132392
0.9644444444444445,0.03874576838702822
0.968888888888889,0.03471222078180736
